ano_analise,regiao_op,n_transacoes,n_unidades,base_total_real,base_media_real,base_mediana_real,base_p25_real,base_p75_real,valor_m2_medio_real,valor_m2_mediano_real,valor_m2_p25_real,valor_m2_p75_real,area_media_m2,area_mediana_m2,area_p25_m2,area_p75_m2,pct_multiunit,n_setores,participacao_transacoes_cidade_pct,participacao_base_cidade_pct,meses_observados,ultimo_mes_observado,flag_ano_incompleto
2020,CENTRO,7919,9320,4558620466.937553,575656.0761380923,361029.29361782304,110505.16401610173,701359.4446796919,7638.046773041749,6690.550739983702,5399.391825250005,8899.949345110186,72.50907564086373,49.34,21.16,89.09,12.905669907816645,575,35.17210748389962,38.91861590355003,12,12,False
2020,NOROESTE,3219,3943,1744132319.473691,541824.2682428366,395193.9295119487,112291.93230859023,706570.2968121627,7415.770599401854,6574.9852487594735,5218.571720489457,8617.003105452475,71.05468468468469,59.01,21.16,89.175,19.229574401988195,226,14.297135243171219,14.890297693978708,12,12,False
2020,LESTE,1646,2041,873053833.629361,530409.3764455413,329562.54148297675,96091.44697052325,599475.2578388108,6731.46310338932,6021.4956659853315,4924.1177263298405,8204.991893985174,73.65464763061969,53.379999999999995,20.7,83.8,18.469015795868774,119,7.310681767710415,7.453580981478188,12,12,False
2020,SUL,1363,1557,756401719.0057528,554953.5722712786,418029.5281211003,210424.26477865817,727566.1481697296,5081.745274387408,5042.245703167719,3892.4431665078278,6208.485363192542,120.64424798239178,100.89,51.43,165.775,9.611151870873075,120,6.053741949811237,6.457679068542016,12,12,False
2020,CENTRO SUL,1151,1342,422624963.29114115,367180.6805309654,305342.53375922696,188404.5701639396,457019.14081005205,5208.9059517062315,5116.523886745093,4243.650450983379,6022.249894802164,75.73262380538662,59.89,40.29,79.37,15.7254561251086,159,5.112147457250722,3.608104411602723,12,12,False
2020,PARTENON,922,1062,296144859.5097486,321198.3291862783,285640.1245539804,99971.83051050462,441073.4834510252,5409.534313479401,5324.4622032910465,4412.749704572205,6461.993819831609,64.25556399132321,51.614999999999995,24.240000000000002,72.31,14.425162689804772,113,4.095047745947146,2.528297348433015,12,12,False
2020,EIXO BALTAZAR,637,716,221180077.2894116,347221.47141194914,222745.6693612802,147455.62122079908,486791.4061357929,4465.250060232344,4421.204317908437,3542.273572412155,5306.802093978745,82.73864992150708,58.55,37.43,106.1,10.989010989010989,106,2.8292249611370197,1.8882954911416268,12,12,False
2020,HUMAITÁ/NAVEGANTES,548,633,228543129.2080675,417049.50585413777,264544.4548637478,172161.74134456308,384185.96752510365,4661.027130058422,4282.150224500324,3476.438353845241,5445.540000743536,97.64383211678832,58.97,41.3275,76.26,14.78102189781022,63,2.4339329335998223,1.9511565675524414,12,12,False
2020,NORTE,515,600,222650864.50936133,432331.77574633266,293997.0175900292,193777.83484895315,489110.3056866044,4646.65743857183,4724.566659286608,3892.4431665078278,5615.128179756528,105.11254368932039,58.66,41.89,116.685,15.922330097087379,77,2.287363979569176,1.9008521414055009,12,12,False
2020,CRISTAL,396,453,203468146.20951384,513808.4500240249,400611.56132267154,231212.91114051436,713048.0011514075,6960.538383574168,5566.707665407399,4637.035074251917,7520.634864662986,84.88967171717171,58.335,40.129999999999995,92.78999999999999,11.868686868686869,36,1.7588274483677548,1.7370822353752888,12,12,False
2020,CRUZEIRO,276,330,124321553.49295941,450440.4112063747,328092.9036402254,203987.24402897444,544714.717030397,5225.682404471964,4910.768676435523,4126.471349644101,6658.714952211119,94.64300724637681,68.295,42.84,108.905,16.666666666666664,44,1.2258494337108594,1.0613787271866373,12,12,False
2020,LOMBA DO PINHEIRO,185,194,93872151.32695992,507417.03419978335,469552.5715401577,169886.46438966616,579157.0054842161,5155.388169083872,5446.040646805404,3958.4162237385062,6018.231539587992,92.10281081081084,95.05,40.02,112.71,4.864864864864865,20,0.8216744392627138,0.8014210062080878,12,12,False
2020,GLÓRIA,138,175,57942861.279273584,419875.8063715477,441224.16523794725,210067.22606243668,583231.5580140165,5983.017980419865,5620.737475900829,4643.451832231402,7916.167564773927,79.08028985507246,62.09,41.455,73.06,26.811594202898554,19,0.6129247168554297,0.4946794713084898,12,12,False
2020,RESTINGA,71,74,17280383.78742554,243385.6871468386,185221.54924190667,142768.53055355075,217390.39761737658,4263.132368050721,3706.004366620139,2811.9937778365847,4558.082531738373,58.478873239436616,48.06,40.99,54.91,4.225352112676056,18,0.3153453253386631,0.14752897815609275,12,12,False
2020,NORDESTE,69,79,27463062.52428701,398015.3989027103,329300.0688565658,205910.2435082641,586959.2689371613,3962.135459088313,4064.2971975762007,2819.534967609948,4964.615886988285,116.1340579710145,70.47,43.15,189.98,14.492753623188406,11,0.30646235842771485,0.234462243494452,12,12,False
2020,EXTREMO SUL,39,41,17188442.424172346,440729.292927496,246930.4213609464,237345.8740171924,368690.09688838467,5036.3100444712045,4396.1580598918345,2676.3150100604835,5121.368259531831,108.14487179487176,55.68,55.68,118.32,2.564102564102564,16,0.173217854763491,0.1467440409962542,12,12,False
2020,ILHAS,1,1,1290007.9305106862,1290007.9305106862,1290007.9305106862,1290007.9305106862,1290007.9305106862,4462.305615935129,4462.305615935129,4462.305615935129,4462.305615935129,289.09,289.09,289.09,289.09,0.0,1,0.0044414834554741284,0.01101327112537763,12,12,False
2021,CENTRO,11964,14010,6862727170.362757,573614.7751891305,337880.7710572956,94158.8433074645,678818.003930171,7295.506441406273,6337.2841590115,5195.091569506796,8471.692763294652,74.68821046472752,48.18,20.05,90.83,12.253426947509194,574,37.15527950310559,40.66920953802658,12,12,False
2021,NOROESTE,4532,5564,2369153224.331613,522761.08215613704,339409.0019650855,90932.6969484561,665867.3581866449,6778.948862305043,6068.726252947318,4815.116160367876,8026.88892955699,73.17537511032657,58.85,21.16,90.605,18.51279788172992,228,14.074534161490684,14.039839631704405,12,12,False
2021,SUL,2088,2343,1217388726.202997,583040.5776834277,449229.6795799329,236918.48291009708,745583.5527625065,5072.4296764417595,4906.4021763732735,3827.014875455716,6139.123477481508,125.36602490421457,101.045,53.75,166.4,9.291187739463602,128,6.484472049689441,7.2143676946673505,12,12,False
2021,LESTE,2069,2583,1117660023.1073432,540193.3412795279,365980.605410241,120687.239524215,577864.1138056436,6281.810659841511,5771.426854488326,4389.668876429348,7611.797940706239,89.04927501208313,58.0,23.0,93.56,20.396326727887867,136,6.425465838509317,6.623365397407383,12,12,False
2021,CENTRO SUL,1622,1857,608532828.0003324,375174.3699138917,308620.78583744075,176880.8099079925,432227.5430082523,5044.597761467074,4753.906032752173,4053.383050009913,5744.81399001959,77.76693588162762,58.08,41.195,82.03,13.625154130702835,155,5.037267080745342,3.6062265741223136,12,12,False
2021,PARTENON,1289,1488,421522223.3299123,327014.9133668831,277994.24495670863,112252.37321664684,446581.9425439745,5205.967527559111,4944.575646137279,4158.919570466102,6221.904618702115,71.1789992242048,54.4,29.0,74.69,14.3522110162917,126,4.003105590062112,2.497982973820141,12,12,False
2021,EIXO BALTAZAR,880,976,285641062.08131254,324592.1160014915,214043.2926320327,137285.22556687164,417473.9309122319,4125.832940624139,4003.505116240427,3206.250106075031,5014.301844176478,85.82986363636364,58.125,38.34,100.32750000000001,9.886363636363637,108,2.732919254658385,1.692737583481015,12,12,False
2021,HUMAITÁ/NAVEGANTES,856,966,329477008.34940404,384903.04713715427,260864.9548695967,139194.70285908232,389530.0797355465,4760.030698716603,4359.408482036357,3409.106702231231,5993.803706614635,92.14100467289721,56.120000000000005,34.13,79.1325,12.5,68,2.658385093167702,1.9525137977786982,12,12,False
2021,NORTE,835,1068,411766008.4048083,493132.9441973752,294402.01066850725,203878.51597743976,459469.5979401005,4626.752741038387,4777.80051627268,3643.1404998533744,5639.909424740208,114.62495808383233,56.81,48.255,123.5,27.66467065868263,84,2.593167701863354,2.440166665632837,12,12,False
2021,CRISTAL,497,574,269329172.8365984,541909.804500198,396926.9211018627,226009.07562176284,683203.0812328139,7142.223834079342,5447.051856303935,4459.032957417792,9213.478592550004,94.41591549295777,58.52,40.65,87.25,12.877263581488934,39,1.5434782608695652,1.5960716917464184,12,12,False
2021,CRUZEIRO,326,401,151594285.25127685,465013.14494256704,319756.47395886114,204386.27896869348,574883.2094578793,4896.440108676968,4590.501636245922,3685.1158130805197,5895.850725375301,99.09662576687117,73.295,46.25,113.65,21.779141104294478,47,1.0124223602484472,0.8983629391937,12,12,False
2021,LOMBA DO PINHEIRO,219,232,139085942.4842502,635095.6277819644,516274.02423273737,196701.55066330894,661984.6817460257,4717.308243374269,4412.029360599691,2851.0356165067183,6150.845653278569,133.39598173515984,107.77,72.18,200.0,5.93607305936073,19,0.6801242236024845,0.8242372453787764,12,12,False
2021,NORDESTE,199,223,60179330.21613856,302408.6945534601,203878.40720973868,179540.67171112017,455607.6327487814,4035.7265858323917,4358.841265140087,3719.8482108023936,4616.020453972186,90.3205527638191,48.72,41.19,120.00999999999999,11.557788944723619,15,0.6180124223602484,0.356628746803126,12,12,False
2021,GLÓRIA,142,165,50554034.08531997,356014.32454450685,346446.9998573838,212138.62144637678,513901.7424294477,5249.070613498332,4721.9422670276945,3918.9369765844604,6562.846964920175,75.91704225352112,60.185,48.74,79.75,16.19718309859155,19,0.4409937888198758,0.2995882765218158,12,12,False
2021,RESTINGA,136,145,30662782.297894694,225461.63454334333,178742.71317018187,149587.36343280625,236992.73491814118,3896.3721122158495,3625.468704433313,2975.6364890677874,4795.869169832092,70.5325,47.78,42.1075,54.585,5.88235294117647,29,0.422360248447205,0.18171072335169847,12,12,False
2021,EXTREMO SUL,71,71,26824966.467332326,377816.4291173567,236753.98904458096,217647.99765198358,416008.90174007544,4141.393909513532,4212.480049961892,3071.34175387688,4583.511465607564,105.32338028169013,58.31,55.68,121.0,0.0,21,0.2204968944099379,0.158967441809698,12,12,False
2022,CENTRO,11685,13575,6245958146.113871,534527.868730327,307036.33881053695,86838.47363310654,620274.8116650467,6837.428601726023,5724.691412628538,4581.698654805673,8204.690505493838,74.59770731707317,47.01,21.06,89.3,11.827128797603766,582,36.17087138213899,41.60774110025583,12,12,False
2022,NOROESTE,4377,5486,2076016465.1452458,474301.2257585666,321379.8528165355,84599.66036897298,595147.8755861769,6227.123957873292,5606.582668429449,4398.520819249464,7567.649046405128,71.80808773132283,58.65,21.16,86.92,19.579620744802376,231,13.548986225042563,13.829480374500237,12,12,False
2022,LESTE,1920,2466,1002066046.7780491,521909.39936356724,311543.7310550607,112786.57346426605,581400.2908883574,5804.7582339428245,5355.659857940461,3952.453431083697,7035.3261024998155,85.38814583333333,57.730000000000004,23.04,97.92999999999999,22.1875,132,5.9433524222256615,6.675309642546841,12,12,False
2022,SUL,1880,2119,1037689402.3930548,551962.4480814121,385015.1088682817,203301.32400448684,714901.0506299295,4681.844343941181,4503.655725896007,3427.7313705980555,5711.562271737307,126.5377925531915,98.515,51.43,171.8175,9.361702127659575,127,5.81953258009596,6.912616285159185,12,12,False
2022,CENTRO SUL,1657,1914,554574820.2480407,334686.07136272825,262067.7266898887,152380.03658818707,433535.31040047813,4914.038910275062,4439.690914426273,3516.6944869046515,5446.096328632226,76.15777308388655,56.54,39.03,79.29,14.725407362703683,161,5.129236960222876,3.6943259947968143,12,12,False
2022,PARTENON,1315,1510,381942873.9952921,290450.8547492716,272742.53001786047,154223.52384229813,387815.05323335715,5313.0932309196705,4569.249817389846,3795.6990561904367,6176.323312784169,64.60973384030419,51.08,26.53,72.61,13.764258555133079,123,4.070577310013929,2.5443302443791342,12,12,False
2022,EIXO BALTAZAR,1028,1135,272568396.9740629,265144.35503313516,177356.0769602196,113165.60925245193,303783.7567437883,3855.8426364169704,3631.2996589165996,2838.6558268836643,4638.235387133848,76.17555447470818,49.525,37.43,79.05,9.33852140077821,115,3.182169942733323,1.8157270715085905,12,12,False
2022,HUMAITÁ/NAVEGANTES,910,1001,284583295.7797615,312728.89646127634,223034.34381625822,97947.79308978471,313964.74885311164,3885.1792664849027,3596.9500516647613,2766.312323717205,4526.598828131385,92.62812087912087,55.16,26.8,70.6425,8.68131868131868,71,2.816901408450704,1.8957648795051614,12,12,False
2022,NORTE,809,908,276963950.8657525,342353.4621331922,215975.06739710926,142946.03273993928,376705.3944789021,3930.0296885292287,3901.842178831158,2793.889051043157,4774.307630150022,99.03572311495672,57.94,40.26,117.02,11.866501854140916,93,2.5042563070732085,1.8450082584841123,12,12,False
2022,CRISTAL,577,638,268537305.61893266,465402.6093915644,379489.90508367884,179383.52118042955,614834.4001287612,7673.800052619554,5951.833387934659,4094.2231793072397,11032.091208349793,70.73958405545928,43.5,37.05,72.7,8.665511265164644,38,1.786101222720941,1.7888737686954592,12,12,False
2022,CRUZEIRO,287,343,123818020.20852885,431421.6732004489,305950.5422122193,188913.33388104348,544987.728480062,4474.426724660462,4232.021283706193,3356.1787798606874,5332.833367296115,102.05006968641115,75.0,47.61,124.06,16.376306620209057,48,0.8884073672806068,0.8248195085309797,12,12,False
2022,RESTINGA,215,225,36361010.019538596,169120.97683506325,150859.06053781594,118070.83367565219,190521.0152537478,2985.943057824222,2601.0962451295163,1859.3224616235436,3842.037092734087,65.25288372093024,50.0,45.735,69.88,4.651162790697675,28,0.6655316514471444,0.24222056178491533,12,12,False
2022,LOMBA DO PINHEIRO,194,211,75000309.04171444,386599.531142858,352533.8112015765,143789.41433310494,473592.391839942,4230.264483859019,4295.918978423901,3008.6658520780534,5107.528134653707,89.99092783505158,78.13,41.78,99.12,8.762886597938143,22,0.6005262343290513,0.4996180518738204,12,12,False
2022,GLÓRIA,141,158,54102593.62540913,383706.33776885906,316910.8874187589,179736.76791638118,506988.4156579793,4558.75294581432,4381.587423596959,3377.7417944220056,5655.688231953669,98.70255319148937,60.37,42.82,137.13,12.056737588652481,19,0.436464943507197,0.3604069473022265,12,12,False
2022,NORDESTE,138,164,37713710.40967808,273287.75659187016,201888.85393908952,160813.62865261198,317994.9454121934,3190.1982600913702,3564.8175830244763,1995.9236730088348,4257.803633502752,107.92202898550725,61.41,41.004999999999995,136.455,18.84057971014493,17,0.42717845534746945,0.2512316384368069,12,12,False
2022,EXTREMO SUL,67,67,25535003.80612793,381119.45979295415,271945.9846723367,235445.74212923134,354712.1539204392,3395.1936467656433,3875.0868778990503,1379.8705810506813,4653.406676630251,155.5320895522388,89.0,55.68,204.0,0.0,23,0.20739823556724965,0.1701026171653838,12,12,False
2023,CENTRO,10564,12210,5149350794.812591,487443.2785699158,292703.2175381226,80840.03726100926,578112.9190748414,6456.691189399726,5424.649125952085,4318.102157238728,7913.863248611452,71.08095229079893,47.43,21.16,89.1925,11.2268080272624,579,34.649698241931254,37.933816302115446,12,12,False
2023,NOROESTE,4202,5190,1860757804.011924,442826.70252544596,311811.5722924643,79551.4080004867,595277.7677792399,6023.286344952842,5383.630257877929,4229.645317857856,7354.698982109874,73.89420276059018,58.465,20.525,87.1375,18.848167539267017,228,13.78247179218053,13.707678410883059,12,12,False
2023,SUL,1613,1817,862248601.9406412,534562.0594796287,373479.1327328135,173228.65127359127,713963.5739971882,4601.436427865297,4306.863171984004,3246.390677992156,5563.300375951953,123.54445753254807,96.0,51.43,163.0,8.989460632362057,127,5.290606140120703,6.351942482870321,12,12,False
2023,CENTRO SUL,1571,1755,491878628.1211938,313099.0630943309,234138.29422087694,128151.90878970713,404200.1863050463,4767.127582564786,4151.36714705132,3266.64732543298,5287.5950725123785,73.63675366008911,53.78,38.24,79.06,11.203055378739657,169,5.152847021779061,3.623531249974786,12,12,False
2023,LESTE,1553,1987,746759333.37361,480849.5385535158,286191.2345092499,103307.0179546315,496671.0579039749,5382.354417407181,4790.3070585457845,3719.2184497202975,6252.7879036725835,83.2177784932389,57.72,23.35,90.97999999999999,21.69993560849968,133,5.0938073996326425,5.5011655843337595,12,12,False
2023,PARTENON,1251,1484,356850211.8827648,285251.96793186635,265617.2652861733,143017.292284518,389655.6465926739,5035.45471777948,4352.454148095854,3642.3692527643248,5906.650014385246,65.9080895283773,53.9,26.98,75.7,16.866506794564348,129,4.103253739176069,2.6288149563569285,12,12,False
2023,EIXO BALTAZAR,1009,1093,277290699.7535846,274817.3436606389,168598.0720599115,103937.19076415477,328397.4590906489,3678.438770930315,3390.4078536727347,2710.132021600465,4522.171702719836,76.82629335976215,46.34,37.41,76.38,7.036669970267592,114,3.309498819207557,2.0427224490772637,12,12,False
2023,NORTE,822,942,268317068.76733738,326419.79168775835,203989.59257062522,116305.71646508921,375304.59034686704,3823.692491633335,3843.9749827469495,2751.6307320398855,4692.740919679671,93.22396593673966,52.55,40.26,105.855,14.233576642335766,94,2.696142744686434,1.976616238224782,12,12,False
2023,HUMAITÁ/NAVEGANTES,682,792,260294992.97122064,381664.2125677722,229044.3490075748,144277.5793410617,349690.88810800057,3866.5208886970063,3420.5507731101593,2690.496147699311,4783.798472880244,114.18278592375367,61.2,43.9225,81.85,15.249266862170089,69,2.236945683547625,1.9175198663252222,12,12,False
2023,CRISTAL,421,488,198882813.57007056,472405.7329455358,344134.553496901,222837.10051845232,569588.0812834848,7005.969894762581,5227.856697139611,3791.57400365714,9598.120060457464,77.94914489311164,52.65,37.89,85.07,12.114014251781473,39,1.3808711624245604,1.4651136456298675,12,12,False
2023,CRUZEIRO,320,373,133910260.35256155,418469.56360175484,274237.7782235537,168089.88623673748,485567.057733554,4480.4289931137455,4088.796156650891,3157.2342954812625,5410.042240250472,96.33262500000001,75.11,42.6,120.58500000000001,13.4375,46,1.0495932826029915,0.986479154284807,12,12,False
2023,RESTINGA,229,229,40689402.58189975,177682.9807069858,154271.8134789164,119220.46418123596,181831.78971539816,3143.865311559969,3081.9502634215464,2104.8225871801747,3860.5936554825853,69.17275109170305,47.78,40.99,54.7,0.0,27,0.7511151928627656,0.299747363209265,12,12,False
2023,LOMBA DO PINHEIRO,207,217,85353772.52719457,412337.06534876605,204560.76342982295,122561.93362869446,459282.54173364316,3879.9889901951733,3679.0774481023677,2477.070960084145,4610.807087759906,99.24613526570049,72.18,39.03,100.255,4.830917874396135,23,0.67895565468381,0.6287771909035352,12,12,False
2023,NORDESTE,160,185,45047960.743458346,281549.75464661466,178660.78298270865,154370.53250464887,274344.1933088765,3303.797597877105,3556.8013858597674,2544.6973102761795,4154.463173651517,102.9155625,54.364999999999995,40.29,137.97,15.625,15,0.5247966413014957,0.3318556330146954,12,12,False
2023,GLÓRIA,107,126,36680449.43619108,342807.9386559914,295476.65828752203,166563.9870780707,476104.8193978243,4614.7812659872625,4318.102157238728,3487.799816880508,5776.001248362567,83.25906542056076,60.37,43.185,93.83,16.822429906542055,19,0.35095775387037526,0.27021453504259607,12,12,False
2023,EXTREMO SUL,28,28,10530486.043734884,376088.7872762458,240269.0510379902,182329.03938128168,348143.0969816851,3197.251061176589,3281.1073270577335,1382.1982067326844,4542.332651271507,140.53,123.225,55.68,204.04749999999999,0.0,17,0.09183941222776175,0.07757512336456927,12,12,False
2024,CENTRO,9886,11377,4676293120.361489,473021.7601013038,283005.4102791393,77491.98564343112,561938.8730687248,6097.773992759368,5178.196492915168,4115.789237056551,7245.271588493197,72.34534695529031,49.945,21.16,91.0375,11.258345134533684,579,33.450632740069025,35.940085915242435,12,12,False
2024,NOROESTE,4018,4870,1818821653.671195,452668.4055926319,300442.90288822126,77910.91351717834,569536.4505146588,5881.88694745541,5175.50570493443,4101.441717631893,7137.092368020571,74.68246142359384,58.83,21.16,89.30499999999999,17.695370831259332,231,13.59545239223117,13.978723064390135,12,12,False
2024,LESTE,1812,2176,916371685.386697,505723.88818250387,285976.6884127124,66754.11337294526,506645.07527619606,6042.666983969413,4963.343837596718,3776.5799498071383,6484.466626814182,78.89317328918322,51.02,16.1075,84.745,16.721854304635762,136,6.131149759761792,7.042859858311765,12,12,False
2024,SUL,1581,1735,816242040.8679832,516282.12578620063,363646.5865921372,173079.3130274771,705140.3673038633,4418.917019418574,4112.965244620022,3135.494801222411,5445.729362285352,126.53587602783048,96.78,49.95,164.52,7.526881720430108,125,5.349529674494146,6.273304158093582,12,12,False
2024,CENTRO SUL,1445,1659,477298678.28579247,330310.5040040086,262916.9367900646,130179.7601176363,427100.2004059363,4257.210294391628,4068.117503676134,3092.1216808331624,5105.691386844818,86.74305190311419,59.93,40.29,94.08,13.771626297577855,168,4.889355078838736,3.668323405590319,12,12,False
2024,PARTENON,1381,1583,367853344.50489986,266367.3747320057,241055.4031381869,101068.58232098455,376259.37614668935,4687.318385097295,4169.915080280479,3564.396361827719,5537.030930195205,63.60452570601014,52.6,26.53,74.51,13.540912382331644,124,4.6728023279420725,2.8271711087035922,12,12,False
2024,EIXO BALTAZAR,893,987,235282280.94385523,263473.99881730706,182659.68044523048,104157.47503868066,349321.1149991136,3505.8775772324625,3318.739017060617,2503.7195831149324,4437.220645683539,81.26179171332586,53.97,37.58,93.0,9.070548712206048,114,3.021587602355011,1.808283863694731,12,12,False
2024,NORTE,836,943,226662536.3870283,271127.4358696511,189327.5861204079,43819.48946501077,329930.4740819153,3596.6418305561983,3441.1446215109863,2588.5804268082925,4445.551016353833,80.07728468899522,52.06,12.4225,80.4225,12.320574162679426,94,2.82872030858767,1.7420360148182572,12,12,False
2024,HUMAITÁ/NAVEGANTES,565,631,134047383.4183906,237252.00605024886,205578.4887134584,88898.80593014418,292680.40423900494,3733.765834349693,3200.134485621042,2269.869412805503,4812.277932546758,78.98178761061946,50.73,31.08,73.96,10.619469026548673,69,1.9117547540096096,1.0302336386470965,12,12,False
2024,CRISTAL,411,461,176295615.9131054,428943.10441144864,317132.9027522096,169162.08928486245,516244.4501452912,5778.496499836648,4423.778959036356,3524.171579799305,7248.025195063218,83.57304136253042,54.78,38.5,81.055,9.975669099756692,39,1.3906746971645123,1.3549363607702576,12,12,False
2024,CRUZEIRO,291,341,108665692.11493656,373421.62238809816,272726.597446448,90004.59358484516,477671.8104949143,4231.972466680668,4005.897536178518,2974.5687824012293,5178.196492915168,100.11432989690722,70.56,42.6,107.53,14.432989690721648,43,0.9846382892332679,0.8351602883157591,12,12,False
2024,LOMBA DO PINHEIRO,210,222,95862288.38055462,456487.0875264506,404010.3810824791,165828.8295561666,448900.42342497676,4440.462096879559,4436.904331712678,3021.635919725784,5171.0019337319745,103.30471428571428,93.17,49.042500000000004,100.71,5.714285714285714,25,0.7105637138796779,0.7367585375320845,12,12,False
2024,RESTINGA,184,188,25831361.045865994,140387.83177101082,109715.1089255049,87652.12740655636,154161.65269023846,2666.488451116639,2270.3158380272275,1818.1553244033141,3408.6775463674735,62.89125,46.71,40.99,54.66,2.1739130434782608,27,0.6225891588279082,0.19852932897933998,12,12,False
2024,NORDESTE,137,156,33902291.0908315,247461.97876519346,174985.8338614667,99327.02678999637,383497.2322652973,3106.151037263264,3170.839381425376,2325.5791896065557,3817.4122264114812,83.90839416058395,48.77,40.29,122.5,12.408759124087592,21,0.4635582323881708,0.2605592128565826,12,12,False
2024,GLÓRIA,119,143,44950858.05600376,377738.3029916282,267568.3372789954,144330.44342537923,465343.05158200004,4173.117676755041,4085.508235513391,3119.211352240629,5265.573811602688,113.0564705882353,60.37,42.82,93.83,17.647058823529413,23,0.40265277119848414,0.3454740023593212,12,12,False
2024,EXTREMO SUL,47,50,18602791.434914533,395804.0730832879,330587.805992852,198342.4425687548,464483.6375719527,3014.079733179994,2431.0628771160405,1666.1575707564893,4163.300312313817,157.66042553191488,128.0,57.695,189.28,4.25531914893617,24,0.15903092643973743,0.14297348460108528,12,12,False
2024,ILHAS,1,1,3100345.856813778,3100345.856813778,3100345.856813778,3100345.856813778,3100345.856813778,4769.762856636582,4769.762856636582,4769.762856636582,4769.762856636582,650.0,650.0,650.0,650.0,0.0,1,0.003383636732760371,0.023827996576108457,12,12,False
2025,CENTRO,11042,12600,5391219128.915045,488246.6155510818,277990.40232789784,73065.64288596931,555980.8046557957,6097.35757520304,5006.852594101274,3946.2945117995846,7259.400108898327,72.95872124615106,47.83,21.16,92.52250000000001,10.63213186017026,576,34.32923985698741,37.04715908997149,12,12,False
2025,NOROESTE,4102,4915,1638492119.027927,399437.37665234687,262963.9066604731,75131.66456603221,527376.3995630181,5624.09134936135,4872.190761038191,3829.994969004719,6767.99464852957,72.13045099951243,57.06,21.16,90.61999999999999,16.35787420770356,229,12.752992383025028,11.259323123359664,12,12,False
2025,LESTE,1825,2184,959595547.1796927,525805.779276544,289793.5633261242,88087.45579069208,523150.0030635402,6269.422362540281,4897.556754736577,3566.051108684911,6865.248718079845,80.58568767123288,54.86,21.16,88.97,15.890410958904111,136,5.673869112389243,6.594109430226152,12,12,False
2025,SUL,1599,1769,799736677.6425325,500148.0160366057,358200.5990931647,115392.24247573118,678251.2454511237,4530.997199313341,4083.12197513007,3111.8208868792317,5470.928662057944,118.34789243277048,91.63,41.620000000000005,156.24,8.442776735459661,131,4.971242033265972,5.495597789339092,12,12,False
2025,CENTRO SUL,1539,1737,456512487.15884864,296629.2963995118,241274.68881289248,108484.60122428038,378092.4433229281,4155.444849506294,3910.857557781553,2963.5804566807647,4931.616217132447,77.45172189733594,56.77,39.03,81.05000000000001,12.020792722547109,169,4.784703870666874,3.13704383626788,12,12,False
2025,PARTENON,1328,1543,371545225.0727612,279778.03092828405,227581.41549859964,72412.26856773625,380067.57122659695,4631.490691367473,3966.6781220500534,3311.918820270008,5400.653633689128,66.32673945783132,52.13,23.315,72.0,14.683734939759036,122,4.128711332193378,2.5531692801290236,12,12,False
2025,EIXO BALTAZAR,928,996,221855932.53573066,239068.8928186753,156757.1178373553,97239.3320766744,296655.1302030406,3322.3587315507093,3161.051246321755,2392.953786955125,4120.0556565443785,77.09084051724139,47.71,38.34,80.8375,6.573275862068965,112,2.885123581532722,1.5245405224994544,12,12,False
2025,NORTE,879,970,237063051.70525712,269696.3045566065,164287.1331331314,51958.594235030156,304143.2551481781,3313.1698363855485,2959.7208838496886,2467.642406143661,4007.267340546097,92.11638225255972,51.02,24.265,86.21000000000001,9.897610921501707,96,2.7327840820767917,1.6290401819831486,12,12,False
2025,HUMAITÁ/NAVEGANTES,628,722,209911790.09749648,334254.4428304084,221158.48238411875,117682.3843188979,310896.9027906779,3740.8651188959266,3132.244383452341,2400.3150785074954,4308.071154787909,106.87033439490448,57.93,33.15,84.635,13.375796178343949,68,1.9524327685372298,1.4424632530504584,12,12,False
2025,CRISTAL,438,506,494065349.2842546,1128003.080557659,326977.0297441011,168782.19893202832,676804.0787363363,7086.779543297436,4364.75950385888,3486.35271925136,8374.441513694925,110.16251141552513,63.14,40.65,136.9375,12.100456621004566,35,1.3617285869734184,3.395098058175135,12,12,False
2025,CRUZEIRO,320,363,121902787.81208217,380946.2119127568,268488.9113849943,149001.20149364113,472077.4405479959,3893.2950674289445,3625.74645958162,2726.642743913075,4729.724247061511,112.20275000000001,71.935,42.78,133.82750000000001,10.9375,48,0.9948702005285248,0.8376865910278994,12,12,False
2025,RESTINGA,274,277,35423175.72692389,129281.6632369485,128540.83662663134,87014.36572815885,147950.00577955556,2794.587739290738,2694.145965014185,1855.739095945955,3542.1521780682538,51.65558394160584,41.19,40.99,49.08,1.094890510948905,31,0.8518576092025494,0.24341953002594147,12,12,False
2025,NORDESTE,195,209,45017951.282044135,230861.28862586737,146376.10420335768,89195.54381953503,224080.42338469674,3108.6528642557337,3294.3271859244655,2095.7968566750105,4007.1359739462814,78.48835897435897,41.19,40.29,97.4,7.179487179487179,17,0.6062490284470698,0.30935251622504695,12,12,False
2025,LOMBA DO PINHEIRO,189,193,75139220.71882898,397562.0143853385,254127.6465026047,110561.02749649329,456392.50800467783,3788.598446777298,3434.804062382235,2512.399054223507,4607.180113248287,94.19386243386245,78.13,40.02,114.83,2.1164021164021163,28,0.5875952121871599,0.516338623473304,12,12,False
2025,GLÓRIA,131,158,41482554.92683421,316660.7246323222,291343.5108035993,163895.5142662857,392311.5651066147,3883.427857428668,3898.141726024683,2524.611894612658,5009.885343823809,104.07045801526718,64.85,50.15,122.02000000000001,19.84732824427481,20,0.40727498834136483,0.28505812416164633,12,12,False
2025,EXTREMO SUL,65,67,15161203.707151351,233249.28780232847,145912.83383189555,98273.79305621349,251764.8926743226,2185.2624425034865,1748.3673102383514,1427.4488405843686,2330.813108177793,126.60830769230768,81.0,51.3,140.0,1.5384615384615385,27,0.2020830094823566,0.10418413948745146,12,12,False
2026,CENTRO,4948,5686,2172446987.8854275,439055.5755629401,275541.3504492303,69936.56294912,518698.8352,5924.405619939463,4856.650211831809,3799.838970980517,7110.247256965947,69.77715238480194,46.3,21.16,90.55,11.196443007275667,555,34.89913951191988,35.00123780057285,6,6,True
2026,NOROESTE,1802,2233,729120634.3593498,404617.4441505826,295951.820852877,71936.70293765275,557832.5798108899,5509.431476904282,4752.937219744737,3771.258071833648,6791.244597055307,73.51497225305216,59.7,21.16,91.7225,19.20088790233074,221,12.709832134292565,11.747179494288325,6,6,True
2026,LESTE,729,887,350655134.9602089,481008.41558327695,292422.55355913495,100488.85002032129,493933.3837682498,5308.894953868147,4629.257037443076,3346.5731437060585,6111.758967878309,87.78513031550068,58.29,27.23,92.14,18.792866941015088,116,5.1417689377909435,5.649557311720935,6,6,True
2026,SUL,725,794,328073598.2787135,452515.3079706393,346977.9968619937,156458.0822547456,643128.6401300562,4238.920482458142,3858.7974418357103,2993.480866783173,5076.909634790614,118.81615172413792,95.92,51.42,157.95,8.137931034482758,114,5.113556213852448,5.285736357884587,6,6,True
2026,CENTRO SUL,624,675,167306844.49716532,268119.9431044316,204487.0408,94117.04799379024,372351.1100601282,3955.553668627966,3671.0098446645857,2609.5073285258436,4794.894954089652,77.34650641025641,54.23,38.24,83.2925,7.6923076923076925,134,4.401184934405417,2.6955533012148156,6,6,True
2026,PARTENON,509,582,133170694.77595416,261632.01331228713,231225.1165853124,100488.85002032129,354067.438604101,4380.334220684932,3867.339894067697,3215.2599879720683,5039.139992661326,68.33257367387033,55.4,27.79,77.09,13.163064833005894,111,3.5900691211736495,2.1455709538199783,6,6,True
2026,CRISTAL,457,479,456136082.95300937,998109.5907068038,522054.92989039427,330608.31656685704,905404.5386830948,11424.473007251221,8909.820178577156,4721.615105935728,19314.16667057246,89.09824945295404,51.38,39.2,76.38,3.7199124726477026,32,3.223303709973198,7.349006718180089,6,6,True
2026,EIXO BALTAZAR,414,461,104210335.15318725,251715.7853941721,176444.6034188064,90881.42316814874,308483.40052087966,3309.7822370033,3211.132215483797,2277.0417384016073,4143.509180166976,79.19823671497582,50.26,37.739999999999995,99.8275,9.903381642512077,104,2.920016927634363,1.6789780106553596,6,6,True
2026,NORTE,320,354,90996361.34376355,284363.6291992611,193324.7419167981,90513.83942525716,301971.506532316,3432.4101841880147,3330.3125213866665,2334.8845931173073,4164.0472407387115,87.64859375,52.55,40.26,97.195,10.3125,73,2.2570179150797007,1.4660819343997247,6,6,True
2026,HUMAITÁ/NAVEGANTES,294,357,70264406.9014956,238994.5812976041,181112.51140228915,101887.25172313835,302048.00347524096,3224.0753538885738,2882.7085991590493,2081.4453258666667,3886.4557809641983,82.54561224489795,64.1,39.540000000000006,82.3325,20.408163265306122,58,2.0736352094794754,1.1320604040466293,6,6,True
2026,CRUZEIRO,140,166,55583581.85195395,397025.58465681394,282337.1501041299,168510.8569456048,559492.50359296,3966.5267508615157,3679.3134275784214,2610.7330931030783,4826.214729951585,117.30685714285714,75.275,47.38,149.82999999999998,14.285714285714285,43,0.9874453378473692,0.8955312498103862,6,6,True
2026,RESTINGA,122,126,15435252.74022877,126518.46508384238,106138.39315994544,74960.61279290612,142270.22024652918,2405.517878634158,2031.5606062475397,1723.5074889652458,2981.7487472865096,55.5777868852459,45.45,40.99,49.34,3.278688524590164,23,0.860488080124136,0.24868406671619242,6,6,True
2026,LOMBA DO PINHEIRO,78,83,35009152.75718155,448835.2917587378,346817.02040907764,110853.72360485935,569483.44115712,4457.540539361088,3907.418080460751,1868.585908437389,5282.480805557461,107.4514102564103,83.53,40.99,107.015,6.41025641025641,18,0.5501481168006771,0.5640476788082235,6,6,True
2026,NORDESTE,67,74,16806502.68582174,250843.32366898123,152843.54088090867,88614.77015776696,210471.24001712436,2948.654003967811,2828.443553875236,2148.4895681907274,3883.4444731490817,87.25089552238806,44.02,40.29,95.755,10.44776119402985,17,0.47256312596981237,0.2707768706821198,6,6,True
2026,GLÓRIA,37,44,11673415.740933837,315497.7227279415,239399.4624,147975.9104264385,387798.9376692871,3546.30283466709,3603.8628748387096,2594.8457441858172,4873.76036162959,103.08297297297297,61.83,42.82,186.0,18.91891891891892,14,0.2609676964310904,0.18807547552222428,6,6,True
2026,EXTREMO SUL,29,29,5390321.538177689,185873.1564888858,130499.14165694009,85632.32586241535,232672.8882255521,1952.7370721576472,1710.3367178976528,1357.9915135751457,2554.0382900719223,103.45724137931033,51.5,51.5,130.65,0.0,12,0.2045422485540979,0.08684581351416482,6,6,True
