ano_analise,mes_analise,n_transacoes,n_unidades,base_total_real,base_media_real,base_mediana_real,base_p25_real,base_p75_real,valor_m2_medio_real,valor_m2_mediano_real,valor_m2_p25_real,valor_m2_p75_real,area_media_m2,area_mediana_m2,area_p25_m2,area_p75_m2,pct_multiunit,n_setores,periodo
2020,1,1155,1393,560079375.8291465,484917.20851008355,343617.46315467736,173312.0579786404,624238.3913976639,6247.726019971228,5664.854133191853,4694.293413689213,7302.515669361777,83.29926406926407,61.75,36.480000000000004,97.3,16.277056277056275,566,2020-01
2020,2,1373,1642,688457265.457063,501425.53929866204,328478.8716773723,142816.9007292923,592690.1380265631,6402.943954561664,5863.565104528219,4552.232371236648,7496.950169516656,81.87941005098324,58.25,27.42,94.42999999999999,14.785142024763292,605,2020-02
2020,3,1254,1520,666916081.5646085,531831.0060323832,342520.797192267,150566.43376576738,635090.6447939951,6586.148958352801,5946.541617921303,4691.744957053659,7740.387714907021,84.50319776714512,59.905,29.5775,95.985,16.826156299840513,572,2020-03
2020,4,1166,1417,591428177.4737548,507228.2825675427,353833.54950408754,134929.05145689624,629907.5081276853,7052.0384622450865,6171.561866029133,4940.235668560302,8115.380317849481,76.06663807890224,51.980000000000004,27.15,86.6525,16.895368782161235,517,2020-04
2020,5,1339,1579,687541622.3526496,513473.95246650453,373637.89699311514,171729.72573337407,625124.9430461734,6707.173260261558,5974.053354799057,4664.689349944101,7774.022063285431,80.37932038834951,59.06,31.99,94.0,14.787154592979837,588,2020-05
2020,6,1732,1984,855784355.0720001,494101.821635104,326802.00906270713,114667.37160094987,615262.1157463467,6640.693343234939,5955.798798907908,4726.098038733431,7737.286740948757,78.82176096997689,55.62,22.7575,88.2525,12.35565819861432,675,2020-06
2020,7,2029,2364,1018037019.4989452,501743.2328728168,332056.64479400223,128538.05604929118,592703.2584495094,6695.551768982803,5950.8359282079255,4724.671247348447,7692.283426049741,80.75924593395762,54.41,25.54,90.81,13.701330704780682,751,2020-07
2020,8,2148,2472,1092104091.4168563,508428.3479594303,334823.56978344667,128230.30332132,626369.4121959478,6650.165746745619,5928.9181845325975,4699.070984239219,7692.8273528824075,80.64931098696462,56.275,24.869999999999997,90.045,12.569832402234638,800,2020-08
2020,9,2294,2664,1246311993.536349,543292.0634421748,347703.22893704195,141572.05365805514,637074.2414612481,6620.985962821219,5898.8355690856315,4683.385517988591,7828.119348214802,85.85473844812554,59.01,28.17,97.97749999999999,13.382737576285963,835,2020-09
2020,10,2677,3158,1451666618.1226163,542273.6713196175,322839.3053871969,126328.42384716401,631642.11923582,6673.042699398293,5994.751594599217,4656.146721139554,8034.289446901088,89.94604034366829,55.4,24.44,102.01,13.597310422114306,837,2020-10
2020,11,2753,3177,1447375914.2107508,525744.974286506,333904.05087300105,116866.41780555037,613548.6934791395,6627.004370974054,5843.540160077146,4637.556262125015,7672.991830120805,82.71867417362877,57.76,23.3,95.13,12.931347620777334,893,2020-11
2020,12,2595,3057,1407510715.4396892,542393.3392831172,343183.73918044014,110848.34775528217,660285.5141831669,6465.838440848942,5801.261262684616,4541.183694259133,7658.429216158513,88.22858959537572,58.0,23.035,100.83,14.065510597302506,881,2020-12
2021,1,2343,2801,1251308640.8882544,534062.5868067667,328634.8026067058,136931.16775279408,643576.4884381322,6497.193142294342,5824.104488540391,4564.37225842647,7624.350714191309,86.43330345710628,57.22,26.275,98.0,15.749039692701663,842,2021-01
2021,2,2015,2384,1091771465.918186,541822.0674531941,354342.99805154925,135763.6007860342,638767.7416982909,6337.724718475135,5729.902186490677,4491.234430539884,7529.677592745389,90.21682382133994,61.44,26.490000000000002,105.96,14.739454094292803,772,2021-02
2021,3,2614,3084,1340201783.6388204,512701.52396282344,309379.0565816691,118034.83571757156,591855.5865040626,6362.506176523098,5811.002927614969,4536.105867486269,7560.938473419956,81.35701224177507,57.915,23.04,96.41999999999999,14.19280795715379,871,2021-03
2021,4,2450,2932,1301854447.7659335,531369.1623534423,321162.15406721656,129621.44767232702,603436.197621075,6296.592548966782,5608.492303338665,4436.0989113080495,7429.033847093955,88.4306693877551,58.375,26.0175,96.38,15.877551020408163,887,2021-04
2021,5,2885,3387,1467257194.4743762,508581.34990446316,299234.45285186695,132993.09015638533,589159.389392787,6342.405710062511,5656.6059140239495,4411.419755566837,7475.669883877315,81.72853726169845,54.65,26.55,94.54,13.864818024263432,908,2021-05
2021,6,2728,3225,1486289831.4298854,544827.6508174067,324115.26000511687,132291.94285923138,630371.1077242375,6200.914477959076,5599.649212456909,4392.653692896694,7280.978438003682,96.96224340175954,60.0,27.0475,100.005,14.772727272727273,947,2021-06
2021,7,2901,3378,1476039602.3401527,508803.7236608593,322343.68010470405,131034.01630272523,611928.8561337268,6297.776121300586,5608.265868007072,4405.562507776544,7361.010865314581,84.26101344364012,56.82,28.2,95.87,13.409169251982075,953,2021-07
2021,8,3070,3621,1617730893.9193785,526948.173915107,324045.16076846246,126006.73720000345,613628.7097517292,6256.408609101067,5587.953660822599,4355.345036761451,7366.948172977809,88.26933876221499,58.9,26.5875,99.85249999999999,14.397394136807817,978,2021-08
2021,9,2762,3233,1535564744.6463013,555961.1675040917,321035.6187809131,125742.33226437547,622809.1004349715,6203.803331610689,5461.8536276525865,4248.108377063123,7282.471503536782,94.15217958001449,59.0,27.77,100.1575,13.649529326574946,923,2021-09
2021,10,2774,3227,1370651146.2477255,494106.3973495766,317072.2160799142,114145.99778876912,597681.1273106383,6248.256829041012,5595.839322014115,4369.231498409065,7192.564447937561,84.1207462148522,54.86,23.245,99.12,13.266041816870944,907,2021-10
2021,11,2787,3259,1401461280.7331123,502856.57722752506,307806.6089730717,100508.28048100299,584204.38029583,6127.182216771898,5438.18301551749,4262.034956306108,7124.878105931214,85.65985647649804,56.75,22.08,94.63,13.311804808037317,943,2021-11
2021,12,2871,3272,1534372427.2941766,534438.3236830988,324284.63373697974,112252.37321664684,611151.8097350772,6070.732744161039,5304.932571675181,4132.921504065507,7073.243428900241,97.05980842911877,58.71,26.21,100.185,11.180773249738767,932,2021-12
2022,1,2162,2526,1059190041.342871,489912.1375313927,311874.1753051855,131715.35625707268,605388.2161850856,5881.918079337396,5276.439796772609,4103.897619712029,7035.253062363478,89.58382053654024,60.325,31.1525,100.285,13.968547641073082,826,2022-01
2022,2,2010,2332,977004653.2480905,486071.9667900948,294754.8852581155,110533.08197179329,582202.3056525402,5842.205630336998,5282.41797353754,4027.281579452828,6964.90749664734,93.49659203980099,58.355000000000004,25.4725,104.91,12.487562189054726,768,2022-02
2022,3,2798,3187,1230180160.7640557,439664.1032037369,262863.2304321661,96685.32613596912,531769.2937478302,5840.471360808685,5236.805619236606,4002.0458871333376,6853.874726084768,83.49865975696926,53.195,21.16,91.065,10.686204431736956,877,2022-03
2022,4,2414,2787,1118220251.799446,463222.970919406,267879.39162944147,94774.29369032694,546222.821994408,5803.294560478711,5307.028189905706,3986.3004706762126,6659.5109448848625,87.16553024026513,55.36,21.16,97.875,11.847555923777962,825,2022-04
2022,5,2836,3346,1372215615.696777,483855.9998930808,297573.93779308844,107572.97851220147,559439.0030510062,5931.088517659075,5221.167959146114,3967.652503907846,6979.6282944273335,85.72601198871651,58.92,28.245,98.0,13.998589562764458,922,2022-05
2022,6,2751,3219,1317541919.4148998,478931.9954252635,319240.93852839526,133608.2446433654,543891.9693446734,5915.193913996359,5149.7923388188765,3965.7387316699137,6933.0386442450235,86.17667030170847,59.15,30.575,96.94,13.885859687386404,906,2022-06
2022,7,2831,3400,1428348260.077691,504538.41754775384,285712.5686028508,128570.65587128284,578567.9514207728,5894.266584512271,5378.076042486025,3950.3496668777216,6944.402709097067,92.32090780642882,56.82,30.735,98.5,15.648180854821616,935,2022-07
2022,8,3134,3710,1506687378.9278002,480755.3857459477,274797.1479771162,107529.31877365419,537646.5938682709,5909.792871505134,5258.192906267713,3982.5673619871923,7025.455669323837,85.58249840459479,53.730000000000004,25.9625,92.5,14.358647096362475,994,2022-08
2022,9,2938,3379,1312032336.164493,446573.2934528567,265319.8079416534,95859.6095554033,538461.4005494919,5821.850580511446,5035.701501784746,3796.026202788972,6905.16136955521,83.13359428182437,52.32,23.74,89.0075,11.980939414567732,886,2022-09
2022,10,2760,3236,1258363628.3857658,455928.8508644079,276408.96015097934,115250.23889657605,515271.3698895738,5623.578987954871,4878.832279398551,3572.6534131639814,6755.483588844011,86.02588043478261,54.17,27.9575,92.0625,13.623188405797102,924,2022-10
2022,11,2848,3232,1171987166.2522297,411512.34770092333,260997.6363807277,101284.87820911194,456745.8636662735,5632.629236841045,4674.9109276504,3412.328550257924,6677.508824969509,79.4945856741573,51.2,22.305,84.83250000000001,11.165730337078651,882,2022-11
2022,12,2823,3230,1259757647.0592232,446247.83813645877,249957.07934765492,106113.85444004218,501093.20152242144,5467.744464877179,4626.721362112151,3349.3678381490745,6686.443253940906,85.38945448104853,53.56,26.53,90.015,11.193765497697484,934,2022-12
2023,1,2520,2939,1075235522.6253278,426680.76294655865,300728.3664276582,129626.6870252734,527772.0801752819,5973.4937973290225,4983.988490942507,3698.285568393512,7161.299406726383,82.0619246031746,54.66,26.162499999999998,92.245,13.928571428571429,842,2023-01
2023,2,1912,2217,821705322.2572086,429762.1978332681,287902.3971046673,131714.76716761483,508255.98095243983,5973.782008168254,4984.795520693229,3643.879352048179,7309.837481240391,77.72500523012552,52.125,29.97,87.59,12.395397489539748,723,2023-02
2023,3,2757,3287,1241745109.10141,450397.2104103772,282940.13041353243,127034.34426730027,518819.81056440587,5784.942979159767,4911.965537058354,3668.9371525815445,6960.785987249331,87.9313239027929,56.01,29.26,97.34,14.980050779833151,932,2023-03
2023,4,2418,2802,1026725802.7671965,424617.7844363923,275485.3812123507,118143.05358867164,516535.08977315755,6250.415130241458,5030.869604157449,3826.1858501715374,7290.680293204138,76.5900124069479,50.055,24.25,90.11,11.910669975186105,821,2023-04
2023,5,2883,3266,1237539924.9584641,429254.2230171572,274853.2188090898,114522.1745037874,480993.13291590713,5943.200480424095,5049.796671033146,3788.5407444542147,7484.348426025133,83.89500520291362,49.84,26.32,82.91499999999999,10.509885535900104,897,2023-05
2023,6,2558,3060,1182655054.8507223,462335.8306687734,289231.935127364,106848.7762021175,534931.564204165,6008.414400134654,4988.22121980419,3757.283495608359,7324.625604414325,82.97589913995309,55.035,25.215000000000003,93.95,13.017982799061766,829,2023-06
2023,7,2525,2901,1070510743.7415497,423964.65098675236,280467.40981906495,103028.84442332998,543763.3455675748,5910.549304398743,4965.568898870925,3787.02956817533,7049.225758137745,78.66586534653466,54.86,26.53,87.13,12.950495049504951,857,2023-07
2023,8,2840,3256,1281040803.325264,451070.70539621974,274113.12494151446,102792.42185306792,527667.7655124153,5915.782757094077,5052.900344627158,3778.3393875838874,6997.058644882747,80.7238661971831,53.35,23.455000000000002,88.6025,11.830985915492958,936,2023-08
2023,9,2464,2868,1138427407.900438,462024.11034920375,269073.4095983182,91134.09300535757,530856.0917562079,5595.590654507191,4845.267232090136,3761.5332929243423,6532.637298045421,90.03993506493507,55.974999999999994,24.215,92.5675,13.068181818181818,878,2023-09
2023,10,2546,2905,1155306164.405908,453773.0417933653,272747.6845730973,90915.89485769908,533945.3854522553,5647.945587701105,4833.66643265177,3701.678301530902,6583.688784399645,83.50966614296935,56.29,21.82,97.14,11.076197957580519,881,2023-10
2023,11,2503,2903,1121084540.5615807,447896.3406158932,260653.36828468778,85562.30132823446,524681.064413148,5599.747977579927,4820.169956772807,3672.8287801328947,6610.773833307298,78.47195765081902,53.31,23.525,94.465,12.544946064722334,829,2023-11
2023,12,2562,2943,1222589246.470379,477201.11103449616,287375.950817143,90157.16104067232,563482.256504202,5717.028555542615,4867.0462775078795,3728.143474035363,6721.495832710981,94.10781811085089,56.555,22.9625,104.2475,11.904761904761903,839,2023-12
2024,1,2143,2468,922335991.5993347,430394.7697617054,282807.26675773534,104649.9112109477,527457.9975243477,5601.05517962781,4771.1857940705095,3712.550760839836,6639.896487115328,81.58765282314513,58.32,27.47,93.465,12.552496500233318,783,2024-01
2024,2,1929,2228,922505727.2809219,478230.02969462,274224.1553194629,111793.07871066092,523116.13361534034,5694.30216692835,4948.241370093016,3643.250573634714,7083.598042628404,81.6481285640228,54.57,27.56,89.39,13.063763608087092,703,2024-02
2024,3,2506,2862,1025670173.0524195,409285.78334094957,241338.0333988589,77786.45518887615,476580.9424161323,5355.161610399944,4628.3163375216345,3282.4748282632277,6301.900231342924,77.81884277733441,50.0,27.47,87.755,11.851556264964087,854,2024-03
2024,4,2844,3245,1168028718.3385165,410699.2680515177,254616.52425698796,88285.51221519473,487092.4811872813,5386.256352924962,4655.291700314257,3424.023474478165,6344.696721839371,80.23117088607596,53.92,23.43,91.30499999999999,12.025316455696203,923,2024-04
2024,5,1448,1668,631580462.0243919,436174.35222679,275489.8383273767,88156.74826476054,496613.9609795522,5601.397185304863,4701.215245309822,3571.9642530270185,6879.072423503188,84.00261740331493,56.54,24.1875,89.82,12.430939226519337,577,2024-05
2024,6,2254,2670,1031263584.018147,457525.9911349366,283159.8976920447,98968.50793120007,538828.5431809782,5501.40696742908,4780.567769215115,3597.0563279845146,6611.649785409435,89.65012866015972,58.515,26.0125,96.8325,14.995563442768411,812,2024-06
2024,7,2922,3395,1290893722.2365978,441784.2991911697,273871.8091563173,76684.10656376884,525833.8735801292,5422.88938018112,4680.626281209525,3493.614778829871,6419.094618142309,84.50708076659822,56.144999999999996,22.985,97.075,12.93634496919918,941,2024-07
2024,8,2870,3416,1339438175.570966,466703.19706305437,297484.28160008066,98613.57401107646,547853.1889504248,5631.996211481165,4958.5121592122105,3694.479723901907,6700.028121438917,87.51287804878048,60.0,26.32,99.565,14.982578397212542,943,2024-08
2024,9,2624,3076,1153931352.024637,439760.4237898769,280635.668772395,97935.21569071595,523635.0670971802,5385.580797591049,4832.658502676011,3635.3859712893604,6379.878427018658,85.08548018292683,58.065,25.29,99.3275,13.948170731707318,892,2024-09
2024,10,2973,3330,1232260080.7197776,414483.7136628919,264698.84557252715,81362.35007352268,487191.2432522479,5589.674671047483,4708.469332958489,3516.324969932829,6625.108082084162,78.37492431886983,50.49,22.26,87.58,9.687184661957618,886,2024-10
2024,11,2527,2875,1099172053.4272413,434971.1331330595,259348.06279039005,75643.18498053042,523180.6858331972,5514.881988826733,4832.124640421615,3602.056427644306,6385.189274237802,83.28361297981796,53.3,21.16,95.9,11.357340720221606,847,2024-11
2024,12,2514,2923,1194277615.8617935,475050.76207708573,274024.3285136889,94666.85903850704,526763.1266053651,5384.857503557449,4604.568257386147,3498.3914444364414,6323.479533754555,93.24961416070008,58.64,24.5925,104.0,13.126491646778044,883,2024-12
2025,1,2506,2873,1162809767.1789656,464010.2821943199,268327.37345011503,96597.85444204141,488355.8196792094,5871.167702804794,4744.314154547285,3577.6983126682007,6731.926438634991,83.5454748603352,54.73,24.41,91.885,11.931364724660815,871,2025-01
2025,2,2326,2766,1033053509.5758307,444133.06516587734,282921.0347640044,111199.14630733646,508526.8552208279,5644.853327211598,4763.9677046831885,3596.074213386836,6436.39701322433,81.23423903697335,56.71,25.39,95.00750000000001,15.090283748925193,829,2025-02
2025,3,2381,2788,1001390054.6751575,420575.4114553371,247579.82584380504,102719.289445834,484624.3399495758,5492.310960118899,4553.130019432863,3434.177520014286,6399.35765790325,78.78455690886182,53.48,26.75,91.96,13.103737925241496,819,2025-03
2025,4,2563,2931,1066737043.4351802,416206.4156984706,241274.68881289248,95567.7398261581,472059.17376435484,5415.312205587517,4523.212339651122,3383.62972684178,6361.0332031948365,77.37140460397971,52.1,25.509999999999998,90.72,11.744049941474834,866,2025-04
2025,5,2676,3002,1153529373.1409042,431064.7881692467,245880.5014398639,83704.00049016644,502224.0029409986,5411.705111325628,4605.977838076546,3461.2949162994155,6231.90926285332,82.19152466367713,52.894999999999996,23.06,93.9225,10.276532137518684,904,2025-05
2025,6,2567,2937,1080265515.5563488,420828.0154095632,240072.82662532773,83503.5918696792,480145.65325065545,5454.21736390939,4457.443926960083,3372.824548404738,6596.786697742314,80.28693026879625,51.0,22.08,89.46000000000001,11.297234125438255,848,2025-06
2025,7,2882,3310,1279872687.3180375,444091.8415399159,255066.5770006908,83287.04555124597,499722.27330747584,5598.640557526578,4659.952187095508,3467.4325199709688,6703.559763749756,79.36104094378904,53.97,22.18,93.9575,11.69326856349757,917,2025-07
2025,8,2625,2993,1200834884.2191868,457460.9082739759,263581.1119720456,83378.7621896546,521117.2636853413,5591.331761103257,4657.725280047741,3474.115091235609,6650.863030708812,86.05799619047619,55.12,21.16,98.14,11.161904761904761,843,2025-08
2025,9,2903,3296,1239498502.8595762,426971.582108018,264500.203502711,82980.45600085052,477137.62200489047,5468.004493310571,4573.885987308027,3355.700730021952,6673.17923747576,83.75918704788151,52.42,24.835,90.07499999999999,11.298656562177058,888,2025-09
2025,10,3002,3419,1455480243.5418975,484836.85660955944,266133.9667268761,93269.07083720337,497435.0444650847,5658.993122575505,4680.449429716191,3428.289728315604,6778.412586206296,86.02094270486342,54.08,25.7725,95.3,11.692205196535642,935,2025-10
2025,11,2702,3026,1311084103.47674,485227.2773785122,237926.02529399053,72412.26856773625,496541.2701787629,5494.628513189517,4421.060829839098,3248.8644582635156,6551.619769647698,87.59165433012583,50.49,21.16,98.015,9.99259807549963,848,2025-11
2025,12,3032,3402,1567758882.036913,517070.8713842061,237143.4519027116,61863.50919201172,515529.24326676433,5566.634676825358,4808.578653485141,3410.8740102715974,6334.48030479011,86.81371042216358,48.525,15.2375,98.3875,9.465699208443272,927,2025-12
2026,1,2156,2500,937035206.8896502,434617.4428987246,263655.94471882825,92490.04663412497,493280.2487153332,5371.514507735486,4630.4534669192635,3363.6487978116993,6530.261396559446,80.08083487940632,55.765,26.6875,95.5175,12.940630797773656,808,2026-01
2026,2,1761,2018,750203613.0616379,426010.0017385791,244925.64484376027,76539.26401367509,467399.7722435091,5252.667231932076,4349.130706082822,3356.9852637576787,6147.897756354494,79.47595116411131,52.34,23.59,93.3,11.697898921067575,679,2026-02
2026,3,2543,2945,1074843284.271511,422667.4338464456,252905.31328864358,84846.81408102457,470403.88271687704,5245.2972150671785,4393.768472700549,3154.5832359035785,6360.18193624888,83.20926858041682,54.09,27.07,95.715,12.701533621706645,880,2026-03
2026,4,2516,2891,1224419556.1673622,486653.2417199373,288213.57807603374,91429.70231213055,550176.453861259,6207.240074511511,4749.000473550155,3388.372847418933,7157.007076748938,83.15063195548491,53.3,27.245,91.905,11.486486486486488,861,2026-04
2026,5,2467,2911,1049918409.1815197,425585.0868186136,289737.18936064,89918.43807743999,499546.878208,5426.437912463775,4721.615105935728,3325.883755555923,6643.956414705787,79.6462221321443,54.97,26.08,96.25999999999999,14.26834211593028,820,2026-05
2026,6,2735,3182,1170351817.363906,427916.5694200753,249374.43999999997,89774.79839999999,468823.94719999994,5449.157940431841,4433.323377777777,3241.601517212189,6352.653865673052,81.11488117001828,54.08,26.115000000000002,94.285,13.491773308957953,898,2026-06
